axis,depth,directFinalCorrect,directPrediction,fullTraceCorrect,id,model,traceFinalCorrect,tracePredictions
base,3,True,16,True,holdout-base-canonical-train-a-d3-32-34-32-s0,0006,True,"[17, 23, 16]"
base,3,False,16,True,holdout-base-canonical-train-a-d3-32-34-32-s1,0006,True,"[18, 22, 23]"
base,3,False,16,True,holdout-base-canonical-train-a-d3-32-34-32-s2,0006,True,"[19, 21, 22]"
base,3,True,21,True,holdout-base-canonical-train-a-d3-32-34-32-s3,0006,True,"[20, 20, 21]"
base,3,False,21,True,holdout-base-canonical-train-a-d3-32-34-32-s4,0006,True,"[21, 19, 20]"
base,3,False,21,True,holdout-base-canonical-train-a-d3-32-34-32-s5,0006,True,"[22, 18, 19]"
base,3,False,22,True,holdout-base-canonical-train-a-d3-32-34-32-s6,0006,True,"[23, 17, 18]"
base,3,False,16,True,holdout-base-canonical-train-a-d3-32-34-32-s7,0006,True,"[16, 16, 17]"
base,4,False,16,True,holdout-base-canonical-train-a-d4-32-32-32-33-s0,0006,True,"[17, 18, 19, 18]"
base,4,False,17,True,holdout-base-canonical-train-a-d4-32-32-32-33-s1,0006,True,"[18, 19, 20, 19]"
base,4,False,16,True,holdout-base-canonical-train-a-d4-32-32-32-33-s2,0006,True,"[19, 20, 21, 20]"
base,4,False,19,True,holdout-base-canonical-train-a-d4-32-32-32-33-s3,0006,True,"[20, 21, 22, 21]"
base,4,False,21,True,holdout-base-canonical-train-a-d4-32-32-32-33-s4,0006,True,"[21, 22, 23, 22]"
base,4,False,21,True,holdout-base-canonical-train-a-d4-32-32-32-33-s5,0006,True,"[22, 23, 16, 23]"
base,4,False,19,True,holdout-base-canonical-train-a-d4-32-32-32-33-s6,0006,True,"[23, 16, 17, 16]"
base,4,False,16,True,holdout-base-canonical-train-a-d4-32-32-32-33-s7,0006,True,"[16, 17, 18, 17]"
alphabet_b,3,False,70,True,mutation-alphabet_b-alphabet_b-train-a-d3-32-34-32-s0,0006,True,"[64, 69, 67]"
alphabet_b,3,False,70,True,mutation-alphabet_b-alphabet_b-train-a-d3-32-34-32-s1,0006,True,"[70, 66, 69]"
alphabet_b,3,False,71,True,mutation-alphabet_b-alphabet_b-train-a-d3-32-34-32-s2,0006,True,"[65, 68, 66]"
alphabet_b,3,False,71,True,mutation-alphabet_b-alphabet_b-train-a-d3-32-34-32-s3,0006,True,"[71, 71, 68]"
alphabet_b,3,False,66,True,mutation-alphabet_b-alphabet_b-train-a-d3-32-34-32-s4,0006,True,"[68, 65, 71]"
alphabet_b,3,False,66,True,mutation-alphabet_b-alphabet_b-train-a-d3-32-34-32-s5,0006,True,"[66, 70, 65]"
alphabet_b,3,False,69,True,mutation-alphabet_b-alphabet_b-train-a-d3-32-34-32-s6,0006,True,"[69, 64, 70]"
alphabet_b,3,False,71,True,mutation-alphabet_b-alphabet_b-train-a-d3-32-34-32-s7,0006,True,"[67, 67, 64]"
alphabet_b,4,True,70,True,mutation-alphabet_b-alphabet_b-train-a-d4-32-32-32-33-s0,0006,True,"[64, 70, 65, 70]"
alphabet_b,4,False,71,True,mutation-alphabet_b-alphabet_b-train-a-d4-32-32-32-33-s1,0006,True,"[70, 65, 71, 65]"
alphabet_b,4,False,65,True,mutation-alphabet_b-alphabet_b-train-a-d4-32-32-32-33-s2,0006,True,"[65, 71, 68, 71]"
alphabet_b,4,False,65,True,mutation-alphabet_b-alphabet_b-train-a-d4-32-32-32-33-s3,0006,True,"[71, 68, 66, 68]"
alphabet_b,4,False,65,True,mutation-alphabet_b-alphabet_b-train-a-d4-32-32-32-33-s4,0006,True,"[68, 66, 69, 66]"
alphabet_b,4,False,67,True,mutation-alphabet_b-alphabet_b-train-a-d4-32-32-32-33-s5,0006,True,"[66, 69, 67, 69]"
alphabet_b,4,True,67,True,mutation-alphabet_b-alphabet_b-train-a-d4-32-32-32-33-s6,0006,True,"[69, 67, 64, 67]"
alphabet_b,4,False,70,True,mutation-alphabet_b-alphabet_b-train-a-d4-32-32-32-33-s7,0006,True,"[67, 64, 70, 64]"
heldout_codebook,3,True,16,False,mutation-heldout_codebook-canonical-holdout-d3-32-34-32-s0,0006,False,"[23, 22, 17]"
heldout_codebook,3,False,16,False,mutation-heldout_codebook-canonical-holdout-d3-32-34-32-s1,0006,False,"[23, 22, 17]"
heldout_codebook,3,False,21,False,mutation-heldout_codebook-canonical-holdout-d3-32-34-32-s2,0006,False,"[17, 16, 16]"
heldout_codebook,3,False,19,False,mutation-heldout_codebook-canonical-holdout-d3-32-34-32-s3,0006,False,"[19, 21, 20]"
heldout_codebook,3,False,19,False,mutation-heldout_codebook-canonical-holdout-d3-32-34-32-s4,0006,True,"[19, 21, 20]"
heldout_codebook,3,False,21,False,mutation-heldout_codebook-canonical-holdout-d3-32-34-32-s5,0006,True,"[20, 20, 19]"
heldout_codebook,3,False,19,False,mutation-heldout_codebook-canonical-holdout-d3-32-34-32-s6,0006,False,"[21, 20, 19]"
heldout_codebook,3,False,23,False,mutation-heldout_codebook-canonical-holdout-d3-32-34-32-s7,0006,True,"[23, 22, 17]"
heldout_codebook,4,False,17,False,mutation-heldout_codebook-canonical-holdout-d4-32-32-32-33-s0,0006,False,"[23, 23, 23, 22]"
heldout_codebook,4,False,17,False,mutation-heldout_codebook-canonical-holdout-d4-32-32-32-33-s1,0006,False,"[23, 23, 23, 22]"
heldout_codebook,4,False,16,False,mutation-heldout_codebook-canonical-holdout-d4-32-32-32-33-s2,0006,False,"[17, 16, 23, 22]"
heldout_codebook,4,False,19,False,mutation-heldout_codebook-canonical-holdout-d4-32-32-32-33-s3,0006,False,"[19, 21, 20, 20]"
heldout_codebook,4,False,20,False,mutation-heldout_codebook-canonical-holdout-d4-32-32-32-33-s4,0006,False,"[19, 21, 20, 20]"
heldout_codebook,4,False,20,False,mutation-heldout_codebook-canonical-holdout-d4-32-32-32-33-s5,0006,False,"[20, 19, 21, 19]"
heldout_codebook,4,False,19,False,mutation-heldout_codebook-canonical-holdout-d4-32-32-32-33-s6,0006,False,"[21, 20, 19, 21]"
heldout_codebook,4,False,18,False,mutation-heldout_codebook-canonical-holdout-d4-32-32-32-33-s7,0006,False,"[23, 23, 23, 22]"
joint_alphabet_b_codebook,3,False,64,False,mutation-joint_alphabet_b_codebook-alphabet_b-holdout-d3-32-34-32-s0,0006,True,"[69, 66, 67]"
joint_alphabet_b_codebook,3,False,64,False,mutation-joint_alphabet_b_codebook-alphabet_b-holdout-d3-32-34-32-s1,0006,False,"[67, 64, 67]"
joint_alphabet_b_codebook,3,False,70,False,mutation-joint_alphabet_b_codebook-alphabet_b-holdout-d3-32-34-32-s2,0006,True,"[64, 69, 66]"
joint_alphabet_b_codebook,3,False,71,False,mutation-joint_alphabet_b_codebook-alphabet_b-holdout-d3-32-34-32-s3,0006,False,"[70, 64, 67]"
joint_alphabet_b_codebook,3,False,65,False,mutation-joint_alphabet_b_codebook-alphabet_b-holdout-d3-32-34-32-s4,0006,False,"[65, 70, 64]"
joint_alphabet_b_codebook,3,False,70,False,mutation-joint_alphabet_b_codebook-alphabet_b-holdout-d3-32-34-32-s5,0006,False,"[71, 65, 70]"
joint_alphabet_b_codebook,3,False,64,False,mutation-joint_alphabet_b_codebook-alphabet_b-holdout-d3-32-34-32-s6,0006,False,"[67, 64, 67]"
joint_alphabet_b_codebook,3,False,67,False,mutation-joint_alphabet_b_codebook-alphabet_b-holdout-d3-32-34-32-s7,0006,False,"[66, 68, 71]"
joint_alphabet_b_codebook,4,False,64,False,mutation-joint_alphabet_b_codebook-alphabet_b-holdout-d4-32-32-32-33-s0,0006,False,"[69, 66, 67, 67]"
joint_alphabet_b_codebook,4,False,64,False,mutation-joint_alphabet_b_codebook-alphabet_b-holdout-d4-32-32-32-33-s1,0006,False,"[67, 69, 66, 70]"
joint_alphabet_b_codebook,4,False,64,False,mutation-joint_alphabet_b_codebook-alphabet_b-holdout-d4-32-32-32-33-s2,0006,False,"[64, 67, 69, 64]"
joint_alphabet_b_codebook,4,False,64,False,mutation-joint_alphabet_b_codebook-alphabet_b-holdout-d4-32-32-32-33-s3,0006,False,"[70, 64, 67, 67]"
joint_alphabet_b_codebook,4,False,64,False,mutation-joint_alphabet_b_codebook-alphabet_b-holdout-d4-32-32-32-33-s4,0006,False,"[65, 70, 64, 69]"
joint_alphabet_b_codebook,4,False,64,False,mutation-joint_alphabet_b_codebook-alphabet_b-holdout-d4-32-32-32-33-s5,0006,False,"[71, 65, 70, 66]"
joint_alphabet_b_codebook,4,False,64,False,mutation-joint_alphabet_b_codebook-alphabet_b-holdout-d4-32-32-32-33-s6,0006,False,"[67, 69, 66, 70]"
joint_alphabet_b_codebook,4,True,64,False,mutation-joint_alphabet_b_codebook-alphabet_b-holdout-d4-32-32-32-33-s7,0006,True,"[66, 67, 69, 64]"
neutral_context,3,True,16,True,mutation-neutral_context-canonical-train-a-d3-32-34-32-s0-context,0006,True,"[17, 23, 16]"
neutral_context,3,False,16,True,mutation-neutral_context-canonical-train-a-d3-32-34-32-s1-context,0006,True,"[18, 22, 23]"
neutral_context,3,False,16,True,mutation-neutral_context-canonical-train-a-d3-32-34-32-s2-context,0006,True,"[19, 21, 22]"
neutral_context,3,True,21,True,mutation-neutral_context-canonical-train-a-d3-32-34-32-s3-context,0006,True,"[20, 20, 21]"
neutral_context,3,False,21,True,mutation-neutral_context-canonical-train-a-d3-32-34-32-s4-context,0006,True,"[21, 19, 20]"
neutral_context,3,False,21,True,mutation-neutral_context-canonical-train-a-d3-32-34-32-s5-context,0006,True,"[22, 18, 19]"
neutral_context,3,False,16,True,mutation-neutral_context-canonical-train-a-d3-32-34-32-s6-context,0006,True,"[23, 17, 18]"
neutral_context,3,False,16,True,mutation-neutral_context-canonical-train-a-d3-32-34-32-s7-context,0006,True,"[16, 16, 17]"
neutral_context,4,False,16,True,mutation-neutral_context-canonical-train-a-d4-32-32-32-33-s0-context,0006,True,"[17, 18, 19, 18]"
neutral_context,4,False,17,True,mutation-neutral_context-canonical-train-a-d4-32-32-32-33-s1-context,0006,True,"[18, 19, 20, 19]"
neutral_context,4,False,16,True,mutation-neutral_context-canonical-train-a-d4-32-32-32-33-s2-context,0006,True,"[19, 20, 21, 20]"
neutral_context,4,False,19,True,mutation-neutral_context-canonical-train-a-d4-32-32-32-33-s3-context,0006,True,"[20, 21, 22, 21]"
neutral_context,4,False,21,True,mutation-neutral_context-canonical-train-a-d4-32-32-32-33-s4-context,0006,True,"[21, 22, 23, 22]"
neutral_context,4,False,21,True,mutation-neutral_context-canonical-train-a-d4-32-32-32-33-s5-context,0006,True,"[22, 23, 16, 23]"
neutral_context,4,False,19,True,mutation-neutral_context-canonical-train-a-d4-32-32-32-33-s6-context,0006,True,"[23, 16, 17, 16]"
neutral_context,4,False,16,True,mutation-neutral_context-canonical-train-a-d4-32-32-32-33-s7-context,0006,True,"[16, 17, 18, 17]"
base,3,True,16,True,holdout-base-canonical-train-a-d3-32-34-32-s0,0007,True,"[17, 23, 16]"
base,3,False,16,True,holdout-base-canonical-train-a-d3-32-34-32-s1,0007,True,"[18, 22, 23]"
base,3,True,22,True,holdout-base-canonical-train-a-d3-32-34-32-s2,0007,True,"[19, 21, 22]"
base,3,False,20,True,holdout-base-canonical-train-a-d3-32-34-32-s3,0007,True,"[20, 20, 21]"
base,3,True,20,True,holdout-base-canonical-train-a-d3-32-34-32-s4,0007,True,"[21, 19, 20]"
base,3,False,22,True,holdout-base-canonical-train-a-d3-32-34-32-s5,0007,True,"[22, 18, 19]"
base,3,False,16,True,holdout-base-canonical-train-a-d3-32-34-32-s6,0007,True,"[23, 17, 18]"
base,3,False,16,True,holdout-base-canonical-train-a-d3-32-34-32-s7,0007,True,"[16, 16, 17]"
base,4,False,23,True,holdout-base-canonical-train-a-d4-32-32-32-33-s0,0007,True,"[17, 18, 19, 18]"
base,4,False,16,True,holdout-base-canonical-train-a-d4-32-32-32-33-s1,0007,True,"[18, 19, 20, 19]"
base,4,False,23,True,holdout-base-canonical-train-a-d4-32-32-32-33-s2,0007,True,"[19, 20, 21, 20]"
base,4,False,20,True,holdout-base-canonical-train-a-d4-32-32-32-33-s3,0007,True,"[20, 21, 22, 21]"
base,4,False,20,True,holdout-base-canonical-train-a-d4-32-32-32-33-s4,0007,True,"[21, 22, 23, 22]"
base,4,False,21,True,holdout-base-canonical-train-a-d4-32-32-32-33-s5,0007,True,"[22, 23, 16, 23]"
base,4,False,22,True,holdout-base-canonical-train-a-d4-32-32-32-33-s6,0007,True,"[23, 16, 17, 16]"
base,4,False,23,True,holdout-base-canonical-train-a-d4-32-32-32-33-s7,0007,True,"[16, 17, 18, 17]"
alphabet_b,3,True,67,True,mutation-alphabet_b-alphabet_b-train-a-d3-32-34-32-s0,0007,True,"[64, 69, 67]"
alphabet_b,3,False,65,True,mutation-alphabet_b-alphabet_b-train-a-d3-32-34-32-s1,0007,True,"[70, 66, 69]"
alphabet_b,3,False,64,True,mutation-alphabet_b-alphabet_b-train-a-d3-32-34-32-s2,0007,True,"[65, 68, 66]"
alphabet_b,3,False,66,True,mutation-alphabet_b-alphabet_b-train-a-d3-32-34-32-s3,0007,True,"[71, 71, 68]"
alphabet_b,3,False,66,True,mutation-alphabet_b-alphabet_b-train-a-d3-32-34-32-s4,0007,True,"[68, 65, 71]"
alphabet_b,3,False,69,True,mutation-alphabet_b-alphabet_b-train-a-d3-32-34-32-s5,0007,True,"[66, 70, 65]"
alphabet_b,3,False,66,True,mutation-alphabet_b-alphabet_b-train-a-d3-32-34-32-s6,0007,True,"[69, 64, 70]"
alphabet_b,3,False,67,True,mutation-alphabet_b-alphabet_b-train-a-d3-32-34-32-s7,0007,True,"[67, 67, 64]"
alphabet_b,4,False,67,True,mutation-alphabet_b-alphabet_b-train-a-d4-32-32-32-33-s0,0007,True,"[64, 70, 65, 70]"
alphabet_b,4,False,67,True,mutation-alphabet_b-alphabet_b-train-a-d4-32-32-32-33-s1,0007,True,"[70, 65, 71, 65]"
alphabet_b,4,False,67,True,mutation-alphabet_b-alphabet_b-train-a-d4-32-32-32-33-s2,0007,True,"[65, 71, 68, 71]"
alphabet_b,4,False,65,True,mutation-alphabet_b-alphabet_b-train-a-d4-32-32-32-33-s3,0007,True,"[71, 68, 66, 68]"
alphabet_b,4,False,65,True,mutation-alphabet_b-alphabet_b-train-a-d4-32-32-32-33-s4,0007,True,"[68, 66, 69, 66]"
alphabet_b,4,False,68,True,mutation-alphabet_b-alphabet_b-train-a-d4-32-32-32-33-s5,0007,True,"[66, 69, 67, 69]"
alphabet_b,4,True,67,True,mutation-alphabet_b-alphabet_b-train-a-d4-32-32-32-33-s6,0007,True,"[69, 67, 64, 67]"
alphabet_b,4,False,67,True,mutation-alphabet_b-alphabet_b-train-a-d4-32-32-32-33-s7,0007,True,"[67, 64, 70, 64]"
heldout_codebook,3,False,23,False,mutation-heldout_codebook-canonical-holdout-d3-32-34-32-s0,0007,True,"[23, 17, 16]"
heldout_codebook,3,True,23,False,mutation-heldout_codebook-canonical-holdout-d3-32-34-32-s1,0007,True,"[16, 16, 23]"
heldout_codebook,3,False,23,False,mutation-heldout_codebook-canonical-holdout-d3-32-34-32-s2,0007,False,"[17, 18, 17]"
heldout_codebook,3,True,21,False,mutation-heldout_codebook-canonical-holdout-d3-32-34-32-s3,0007,False,"[18, 17, 16]"
heldout_codebook,3,True,20,False,mutation-heldout_codebook-canonical-holdout-d3-32-34-32-s4,0007,True,"[19, 21, 20]"
heldout_codebook,3,False,21,False,mutation-heldout_codebook-canonical-holdout-d3-32-34-32-s5,0007,True,"[20, 20, 19]"
heldout_codebook,3,False,23,False,mutation-heldout_codebook-canonical-holdout-d3-32-34-32-s6,0007,True,"[21, 19, 18]"
heldout_codebook,3,False,23,False,mutation-heldout_codebook-canonical-holdout-d3-32-34-32-s7,0007,False,"[22, 23, 22]"
heldout_codebook,4,False,23,False,mutation-heldout_codebook-canonical-holdout-d4-32-32-32-33-s0,0007,False,"[23, 22, 21, 22]"
heldout_codebook,4,False,17,False,mutation-heldout_codebook-canonical-holdout-d4-32-32-32-33-s1,0007,False,"[16, 23, 22, 23]"
heldout_codebook,4,False,23,False,mutation-heldout_codebook-canonical-holdout-d4-32-32-32-33-s2,0007,False,"[17, 16, 23, 16]"
heldout_codebook,4,True,21,False,mutation-heldout_codebook-canonical-holdout-d4-32-32-32-33-s3,0007,False,"[18, 17, 16, 17]"
heldout_codebook,4,False,21,False,mutation-heldout_codebook-canonical-holdout-d4-32-32-32-33-s4,0007,False,"[19, 18, 17, 16]"
heldout_codebook,4,False,21,False,mutation-heldout_codebook-canonical-holdout-d4-32-32-32-33-s5,0007,False,"[20, 19, 18, 19]"
heldout_codebook,4,False,22,False,mutation-heldout_codebook-canonical-holdout-d4-32-32-32-33-s6,0007,False,"[21, 20, 19, 20]"
heldout_codebook,4,False,23,False,mutation-heldout_codebook-canonical-holdout-d4-32-32-32-33-s7,0007,False,"[22, 21, 20, 21]"
joint_alphabet_b_codebook,3,False,69,False,mutation-joint_alphabet_b_codebook-alphabet_b-holdout-d3-32-34-32-s0,0007,True,"[69, 64, 67]"
joint_alphabet_b_codebook,3,False,67,False,mutation-joint_alphabet_b_codebook-alphabet_b-holdout-d3-32-34-32-s1,0007,True,"[67, 67, 69]"
joint_alphabet_b_codebook,3,False,69,False,mutation-joint_alphabet_b_codebook-alphabet_b-holdout-d3-32-34-32-s2,0007,True,"[64, 69, 66]"
joint_alphabet_b_codebook,3,False,71,False,mutation-joint_alphabet_b_codebook-alphabet_b-holdout-d3-32-34-32-s3,0007,True,"[70, 66, 68]"
joint_alphabet_b_codebook,3,False,65,False,mutation-joint_alphabet_b_codebook-alphabet_b-holdout-d3-32-34-32-s4,0007,True,"[65, 68, 71]"
joint_alphabet_b_codebook,3,True,65,False,mutation-joint_alphabet_b_codebook-alphabet_b-holdout-d3-32-34-32-s5,0007,True,"[71, 71, 65]"
joint_alphabet_b_codebook,3,False,64,False,mutation-joint_alphabet_b_codebook-alphabet_b-holdout-d3-32-34-32-s6,0007,True,"[68, 65, 70]"
joint_alphabet_b_codebook,3,False,67,False,mutation-joint_alphabet_b_codebook-alphabet_b-holdout-d3-32-34-32-s7,0007,True,"[66, 70, 64]"
joint_alphabet_b_codebook,4,False,67,False,mutation-joint_alphabet_b_codebook-alphabet_b-holdout-d4-32-32-32-33-s0,0007,False,"[69, 66, 68, 66]"
joint_alphabet_b_codebook,4,False,67,False,mutation-joint_alphabet_b_codebook-alphabet_b-holdout-d4-32-32-32-33-s1,0007,False,"[67, 69, 66, 69]"
joint_alphabet_b_codebook,4,False,67,False,mutation-joint_alphabet_b_codebook-alphabet_b-holdout-d4-32-32-32-33-s2,0007,False,"[64, 67, 69, 64]"
joint_alphabet_b_codebook,4,True,68,False,mutation-joint_alphabet_b_codebook-alphabet_b-holdout-d4-32-32-32-33-s3,0007,False,"[70, 64, 67, 70]"
joint_alphabet_b_codebook,4,False,68,False,mutation-joint_alphabet_b_codebook-alphabet_b-holdout-d4-32-32-32-33-s4,0007,False,"[65, 70, 64, 70]"
joint_alphabet_b_codebook,4,False,68,False,mutation-joint_alphabet_b_codebook-alphabet_b-holdout-d4-32-32-32-33-s5,0007,False,"[71, 65, 70, 66]"
joint_alphabet_b_codebook,4,True,67,False,mutation-joint_alphabet_b_codebook-alphabet_b-holdout-d4-32-32-32-33-s6,0007,False,"[68, 71, 65, 71]"
joint_alphabet_b_codebook,4,False,67,False,mutation-joint_alphabet_b_codebook-alphabet_b-holdout-d4-32-32-32-33-s7,0007,False,"[66, 68, 71, 68]"
neutral_context,3,True,16,True,mutation-neutral_context-canonical-train-a-d3-32-34-32-s0-context,0007,True,"[17, 23, 16]"
neutral_context,3,False,16,True,mutation-neutral_context-canonical-train-a-d3-32-34-32-s1-context,0007,True,"[18, 22, 23]"
neutral_context,3,True,22,True,mutation-neutral_context-canonical-train-a-d3-32-34-32-s2-context,0007,True,"[19, 21, 22]"
neutral_context,3,False,20,True,mutation-neutral_context-canonical-train-a-d3-32-34-32-s3-context,0007,True,"[20, 20, 21]"
neutral_context,3,True,20,True,mutation-neutral_context-canonical-train-a-d3-32-34-32-s4-context,0007,True,"[21, 19, 20]"
neutral_context,3,False,22,True,mutation-neutral_context-canonical-train-a-d3-32-34-32-s5-context,0007,True,"[22, 18, 19]"
neutral_context,3,False,16,True,mutation-neutral_context-canonical-train-a-d3-32-34-32-s6-context,0007,True,"[23, 17, 18]"
neutral_context,3,False,16,True,mutation-neutral_context-canonical-train-a-d3-32-34-32-s7-context,0007,True,"[16, 16, 17]"
neutral_context,4,False,23,True,mutation-neutral_context-canonical-train-a-d4-32-32-32-33-s0-context,0007,True,"[17, 18, 19, 18]"
neutral_context,4,False,16,True,mutation-neutral_context-canonical-train-a-d4-32-32-32-33-s1-context,0007,True,"[18, 19, 20, 19]"
neutral_context,4,False,23,True,mutation-neutral_context-canonical-train-a-d4-32-32-32-33-s2-context,0007,True,"[19, 20, 21, 20]"
neutral_context,4,False,20,True,mutation-neutral_context-canonical-train-a-d4-32-32-32-33-s3-context,0007,True,"[20, 21, 22, 21]"
neutral_context,4,False,20,True,mutation-neutral_context-canonical-train-a-d4-32-32-32-33-s4-context,0007,True,"[21, 22, 23, 22]"
neutral_context,4,False,21,True,mutation-neutral_context-canonical-train-a-d4-32-32-32-33-s5-context,0007,True,"[22, 23, 16, 23]"
neutral_context,4,False,22,True,mutation-neutral_context-canonical-train-a-d4-32-32-32-33-s6-context,0007,True,"[23, 16, 17, 16]"
neutral_context,4,False,23,True,mutation-neutral_context-canonical-train-a-d4-32-32-32-33-s7-context,0007,True,"[16, 17, 18, 17]"
