model,caseID,axis,depth,directCorrect,traceFinalCorrect,fullTraceCorrect,traceCompleted,directAssignedValue,finalCorrectWithIntermediateError,directPrediction,tracePredictions,referenceFinal,referenceTrace
Prime Swift 4000,holdout-base-canonical-train-a-d3-32-34-32-s0,base,3,True,True,True,True,True,False,16,"[17, 23, 16]",16,"[17, 23, 16]"
Prime Swift 4000,holdout-base-canonical-train-a-d3-32-34-32-s1,base,3,False,True,True,True,True,False,16,"[18, 22, 23]",23,"[18, 22, 23]"
Prime Swift 4000,holdout-base-canonical-train-a-d3-32-34-32-s2,base,3,False,True,True,True,True,False,16,"[19, 21, 22]",22,"[19, 21, 22]"
Prime Swift 4000,holdout-base-canonical-train-a-d3-32-34-32-s3,base,3,True,True,True,True,True,False,21,"[20, 20, 21]",21,"[20, 20, 21]"
Prime Swift 4000,holdout-base-canonical-train-a-d3-32-34-32-s4,base,3,False,True,True,True,True,False,21,"[21, 19, 20]",20,"[21, 19, 20]"
Prime Swift 4000,holdout-base-canonical-train-a-d3-32-34-32-s5,base,3,False,True,True,True,True,False,21,"[22, 18, 19]",19,"[22, 18, 19]"
Prime Swift 4000,holdout-base-canonical-train-a-d3-32-34-32-s6,base,3,False,True,True,True,True,False,22,"[23, 17, 18]",18,"[23, 17, 18]"
Prime Swift 4000,holdout-base-canonical-train-a-d3-32-34-32-s7,base,3,False,True,True,True,True,False,16,"[16, 16, 17]",17,"[16, 16, 17]"
Prime Swift 4000,holdout-base-canonical-train-a-d4-32-32-32-33-s0,base,4,False,True,True,True,True,False,16,"[17, 18, 19, 18]",18,"[17, 18, 19, 18]"
Prime Swift 4000,holdout-base-canonical-train-a-d4-32-32-32-33-s1,base,4,False,True,True,True,True,False,17,"[18, 19, 20, 19]",19,"[18, 19, 20, 19]"
Prime Swift 4000,holdout-base-canonical-train-a-d4-32-32-32-33-s2,base,4,False,True,True,True,True,False,16,"[19, 20, 21, 20]",20,"[19, 20, 21, 20]"
Prime Swift 4000,holdout-base-canonical-train-a-d4-32-32-32-33-s3,base,4,False,True,True,True,True,False,19,"[20, 21, 22, 21]",21,"[20, 21, 22, 21]"
Prime Swift 4000,holdout-base-canonical-train-a-d4-32-32-32-33-s4,base,4,False,True,True,True,True,False,21,"[21, 22, 23, 22]",22,"[21, 22, 23, 22]"
Prime Swift 4000,holdout-base-canonical-train-a-d4-32-32-32-33-s5,base,4,False,True,True,True,True,False,21,"[22, 23, 16, 23]",23,"[22, 23, 16, 23]"
Prime Swift 4000,holdout-base-canonical-train-a-d4-32-32-32-33-s6,base,4,False,True,True,True,True,False,19,"[23, 16, 17, 16]",16,"[23, 16, 17, 16]"
Prime Swift 4000,holdout-base-canonical-train-a-d4-32-32-32-33-s7,base,4,False,True,True,True,True,False,16,"[16, 17, 18, 17]",17,"[16, 17, 18, 17]"
Prime Swift 4000,mutation-alphabet_b-alphabet_b-train-a-d3-32-34-32-s0,alphabet_b,3,False,True,True,True,True,False,70,"[64, 69, 67]",67,"[64, 69, 67]"
Prime Swift 4000,mutation-alphabet_b-alphabet_b-train-a-d3-32-34-32-s1,alphabet_b,3,False,True,True,True,True,False,70,"[70, 66, 69]",69,"[70, 66, 69]"
Prime Swift 4000,mutation-alphabet_b-alphabet_b-train-a-d3-32-34-32-s2,alphabet_b,3,False,True,True,True,True,False,71,"[65, 68, 66]",66,"[65, 68, 66]"
Prime Swift 4000,mutation-alphabet_b-alphabet_b-train-a-d3-32-34-32-s3,alphabet_b,3,False,True,True,True,True,False,71,"[71, 71, 68]",68,"[71, 71, 68]"
Prime Swift 4000,mutation-alphabet_b-alphabet_b-train-a-d3-32-34-32-s4,alphabet_b,3,False,True,True,True,True,False,66,"[68, 65, 71]",71,"[68, 65, 71]"
Prime Swift 4000,mutation-alphabet_b-alphabet_b-train-a-d3-32-34-32-s5,alphabet_b,3,False,True,True,True,True,False,66,"[66, 70, 65]",65,"[66, 70, 65]"
Prime Swift 4000,mutation-alphabet_b-alphabet_b-train-a-d3-32-34-32-s6,alphabet_b,3,False,True,True,True,True,False,69,"[69, 64, 70]",70,"[69, 64, 70]"
Prime Swift 4000,mutation-alphabet_b-alphabet_b-train-a-d3-32-34-32-s7,alphabet_b,3,False,True,True,True,True,False,71,"[67, 67, 64]",64,"[67, 67, 64]"
Prime Swift 4000,mutation-alphabet_b-alphabet_b-train-a-d4-32-32-32-33-s0,alphabet_b,4,True,True,True,True,True,False,70,"[64, 70, 65, 70]",70,"[64, 70, 65, 70]"
Prime Swift 4000,mutation-alphabet_b-alphabet_b-train-a-d4-32-32-32-33-s1,alphabet_b,4,False,True,True,True,True,False,71,"[70, 65, 71, 65]",65,"[70, 65, 71, 65]"
Prime Swift 4000,mutation-alphabet_b-alphabet_b-train-a-d4-32-32-32-33-s2,alphabet_b,4,False,True,True,True,True,False,65,"[65, 71, 68, 71]",71,"[65, 71, 68, 71]"
Prime Swift 4000,mutation-alphabet_b-alphabet_b-train-a-d4-32-32-32-33-s3,alphabet_b,4,False,True,True,True,True,False,65,"[71, 68, 66, 68]",68,"[71, 68, 66, 68]"
Prime Swift 4000,mutation-alphabet_b-alphabet_b-train-a-d4-32-32-32-33-s4,alphabet_b,4,False,True,True,True,True,False,65,"[68, 66, 69, 66]",66,"[68, 66, 69, 66]"
Prime Swift 4000,mutation-alphabet_b-alphabet_b-train-a-d4-32-32-32-33-s5,alphabet_b,4,False,True,True,True,True,False,67,"[66, 69, 67, 69]",69,"[66, 69, 67, 69]"
Prime Swift 4000,mutation-alphabet_b-alphabet_b-train-a-d4-32-32-32-33-s6,alphabet_b,4,True,True,True,True,True,False,67,"[69, 67, 64, 67]",67,"[69, 67, 64, 67]"
Prime Swift 4000,mutation-alphabet_b-alphabet_b-train-a-d4-32-32-32-33-s7,alphabet_b,4,False,True,True,True,True,False,70,"[67, 64, 70, 64]",64,"[67, 64, 70, 64]"
Prime Swift 4000,mutation-heldout_codebook-canonical-holdout-d3-32-34-32-s0,heldout_codebook,3,True,False,False,True,True,False,16,"[23, 22, 17]",16,"[17, 23, 16]"
Prime Swift 4000,mutation-heldout_codebook-canonical-holdout-d3-32-34-32-s1,heldout_codebook,3,False,False,False,True,True,False,16,"[23, 22, 17]",23,"[18, 22, 23]"
Prime Swift 4000,mutation-heldout_codebook-canonical-holdout-d3-32-34-32-s2,heldout_codebook,3,False,False,False,True,True,False,21,"[17, 16, 16]",22,"[19, 21, 22]"
Prime Swift 4000,mutation-heldout_codebook-canonical-holdout-d3-32-34-32-s3,heldout_codebook,3,False,False,False,True,True,False,19,"[19, 21, 20]",21,"[20, 20, 21]"
Prime Swift 4000,mutation-heldout_codebook-canonical-holdout-d3-32-34-32-s4,heldout_codebook,3,False,True,False,True,True,True,19,"[19, 21, 20]",20,"[21, 19, 20]"
Prime Swift 4000,mutation-heldout_codebook-canonical-holdout-d3-32-34-32-s5,heldout_codebook,3,False,True,False,True,True,True,21,"[20, 20, 19]",19,"[22, 18, 19]"
Prime Swift 4000,mutation-heldout_codebook-canonical-holdout-d3-32-34-32-s6,heldout_codebook,3,False,False,False,True,True,False,19,"[21, 20, 19]",18,"[23, 17, 18]"
Prime Swift 4000,mutation-heldout_codebook-canonical-holdout-d3-32-34-32-s7,heldout_codebook,3,False,True,False,True,True,True,23,"[23, 22, 17]",17,"[16, 16, 17]"
Prime Swift 4000,mutation-heldout_codebook-canonical-holdout-d4-32-32-32-33-s0,heldout_codebook,4,False,False,False,True,True,False,17,"[23, 23, 23, 22]",18,"[17, 18, 19, 18]"
Prime Swift 4000,mutation-heldout_codebook-canonical-holdout-d4-32-32-32-33-s1,heldout_codebook,4,False,False,False,True,True,False,17,"[23, 23, 23, 22]",19,"[18, 19, 20, 19]"
Prime Swift 4000,mutation-heldout_codebook-canonical-holdout-d4-32-32-32-33-s2,heldout_codebook,4,False,False,False,True,True,False,16,"[17, 16, 23, 22]",20,"[19, 20, 21, 20]"
Prime Swift 4000,mutation-heldout_codebook-canonical-holdout-d4-32-32-32-33-s3,heldout_codebook,4,False,False,False,True,True,False,19,"[19, 21, 20, 20]",21,"[20, 21, 22, 21]"
Prime Swift 4000,mutation-heldout_codebook-canonical-holdout-d4-32-32-32-33-s4,heldout_codebook,4,False,False,False,True,True,False,20,"[19, 21, 20, 20]",22,"[21, 22, 23, 22]"
Prime Swift 4000,mutation-heldout_codebook-canonical-holdout-d4-32-32-32-33-s5,heldout_codebook,4,False,False,False,True,True,False,20,"[20, 19, 21, 19]",23,"[22, 23, 16, 23]"
Prime Swift 4000,mutation-heldout_codebook-canonical-holdout-d4-32-32-32-33-s6,heldout_codebook,4,False,False,False,True,True,False,19,"[21, 20, 19, 21]",16,"[23, 16, 17, 16]"
Prime Swift 4000,mutation-heldout_codebook-canonical-holdout-d4-32-32-32-33-s7,heldout_codebook,4,False,False,False,True,True,False,18,"[23, 23, 23, 22]",17,"[16, 17, 18, 17]"
Prime Swift 4000,mutation-joint_alphabet_b_codebook-alphabet_b-holdout-d3-32-34-32-s0,joint_alphabet_b_codebook,3,False,True,False,True,True,True,64,"[69, 66, 67]",67,"[64, 69, 67]"
Prime Swift 4000,mutation-joint_alphabet_b_codebook-alphabet_b-holdout-d3-32-34-32-s1,joint_alphabet_b_codebook,3,False,False,False,True,True,False,64,"[67, 64, 67]",69,"[70, 66, 69]"
Prime Swift 4000,mutation-joint_alphabet_b_codebook-alphabet_b-holdout-d3-32-34-32-s2,joint_alphabet_b_codebook,3,False,True,False,True,True,True,70,"[64, 69, 66]",66,"[65, 68, 66]"
Prime Swift 4000,mutation-joint_alphabet_b_codebook-alphabet_b-holdout-d3-32-34-32-s3,joint_alphabet_b_codebook,3,False,False,False,True,True,False,71,"[70, 64, 67]",68,"[71, 71, 68]"
Prime Swift 4000,mutation-joint_alphabet_b_codebook-alphabet_b-holdout-d3-32-34-32-s4,joint_alphabet_b_codebook,3,False,False,False,True,True,False,65,"[65, 70, 64]",71,"[68, 65, 71]"
Prime Swift 4000,mutation-joint_alphabet_b_codebook-alphabet_b-holdout-d3-32-34-32-s5,joint_alphabet_b_codebook,3,False,False,False,True,True,False,70,"[71, 65, 70]",65,"[66, 70, 65]"
Prime Swift 4000,mutation-joint_alphabet_b_codebook-alphabet_b-holdout-d3-32-34-32-s6,joint_alphabet_b_codebook,3,False,False,False,True,True,False,64,"[67, 64, 67]",70,"[69, 64, 70]"
Prime Swift 4000,mutation-joint_alphabet_b_codebook-alphabet_b-holdout-d3-32-34-32-s7,joint_alphabet_b_codebook,3,False,False,False,True,True,False,67,"[66, 68, 71]",64,"[67, 67, 64]"
Prime Swift 4000,mutation-joint_alphabet_b_codebook-alphabet_b-holdout-d4-32-32-32-33-s0,joint_alphabet_b_codebook,4,False,False,False,True,True,False,64,"[69, 66, 67, 67]",70,"[64, 70, 65, 70]"
Prime Swift 4000,mutation-joint_alphabet_b_codebook-alphabet_b-holdout-d4-32-32-32-33-s1,joint_alphabet_b_codebook,4,False,False,False,True,True,False,64,"[67, 69, 66, 70]",65,"[70, 65, 71, 65]"
Prime Swift 4000,mutation-joint_alphabet_b_codebook-alphabet_b-holdout-d4-32-32-32-33-s2,joint_alphabet_b_codebook,4,False,False,False,True,True,False,64,"[64, 67, 69, 64]",71,"[65, 71, 68, 71]"
Prime Swift 4000,mutation-joint_alphabet_b_codebook-alphabet_b-holdout-d4-32-32-32-33-s3,joint_alphabet_b_codebook,4,False,False,False,True,True,False,64,"[70, 64, 67, 67]",68,"[71, 68, 66, 68]"
Prime Swift 4000,mutation-joint_alphabet_b_codebook-alphabet_b-holdout-d4-32-32-32-33-s4,joint_alphabet_b_codebook,4,False,False,False,True,True,False,64,"[65, 70, 64, 69]",66,"[68, 66, 69, 66]"
Prime Swift 4000,mutation-joint_alphabet_b_codebook-alphabet_b-holdout-d4-32-32-32-33-s5,joint_alphabet_b_codebook,4,False,False,False,True,True,False,64,"[71, 65, 70, 66]",69,"[66, 69, 67, 69]"
Prime Swift 4000,mutation-joint_alphabet_b_codebook-alphabet_b-holdout-d4-32-32-32-33-s6,joint_alphabet_b_codebook,4,False,False,False,True,True,False,64,"[67, 69, 66, 70]",67,"[69, 67, 64, 67]"
Prime Swift 4000,mutation-joint_alphabet_b_codebook-alphabet_b-holdout-d4-32-32-32-33-s7,joint_alphabet_b_codebook,4,True,True,False,True,True,True,64,"[66, 67, 69, 64]",64,"[67, 64, 70, 64]"
Prime Swift 4000,mutation-neutral_context-canonical-train-a-d3-32-34-32-s0-context,neutral_context,3,True,True,True,True,True,False,16,"[17, 23, 16]",16,"[17, 23, 16]"
Prime Swift 4000,mutation-neutral_context-canonical-train-a-d3-32-34-32-s1-context,neutral_context,3,False,True,True,True,True,False,16,"[18, 22, 23]",23,"[18, 22, 23]"
Prime Swift 4000,mutation-neutral_context-canonical-train-a-d3-32-34-32-s2-context,neutral_context,3,False,True,True,True,True,False,16,"[19, 21, 22]",22,"[19, 21, 22]"
Prime Swift 4000,mutation-neutral_context-canonical-train-a-d3-32-34-32-s3-context,neutral_context,3,True,True,True,True,True,False,21,"[20, 20, 21]",21,"[20, 20, 21]"
Prime Swift 4000,mutation-neutral_context-canonical-train-a-d3-32-34-32-s4-context,neutral_context,3,False,True,True,True,True,False,21,"[21, 19, 20]",20,"[21, 19, 20]"
Prime Swift 4000,mutation-neutral_context-canonical-train-a-d3-32-34-32-s5-context,neutral_context,3,False,True,True,True,True,False,21,"[22, 18, 19]",19,"[22, 18, 19]"
Prime Swift 4000,mutation-neutral_context-canonical-train-a-d3-32-34-32-s6-context,neutral_context,3,False,True,True,True,True,False,16,"[23, 17, 18]",18,"[23, 17, 18]"
Prime Swift 4000,mutation-neutral_context-canonical-train-a-d3-32-34-32-s7-context,neutral_context,3,False,True,True,True,True,False,16,"[16, 16, 17]",17,"[16, 16, 17]"
Prime Swift 4000,mutation-neutral_context-canonical-train-a-d4-32-32-32-33-s0-context,neutral_context,4,False,True,True,True,True,False,16,"[17, 18, 19, 18]",18,"[17, 18, 19, 18]"
Prime Swift 4000,mutation-neutral_context-canonical-train-a-d4-32-32-32-33-s1-context,neutral_context,4,False,True,True,True,True,False,17,"[18, 19, 20, 19]",19,"[18, 19, 20, 19]"
Prime Swift 4000,mutation-neutral_context-canonical-train-a-d4-32-32-32-33-s2-context,neutral_context,4,False,True,True,True,True,False,16,"[19, 20, 21, 20]",20,"[19, 20, 21, 20]"
Prime Swift 4000,mutation-neutral_context-canonical-train-a-d4-32-32-32-33-s3-context,neutral_context,4,False,True,True,True,True,False,19,"[20, 21, 22, 21]",21,"[20, 21, 22, 21]"
Prime Swift 4000,mutation-neutral_context-canonical-train-a-d4-32-32-32-33-s4-context,neutral_context,4,False,True,True,True,True,False,21,"[21, 22, 23, 22]",22,"[21, 22, 23, 22]"
Prime Swift 4000,mutation-neutral_context-canonical-train-a-d4-32-32-32-33-s5-context,neutral_context,4,False,True,True,True,True,False,21,"[22, 23, 16, 23]",23,"[22, 23, 16, 23]"
Prime Swift 4000,mutation-neutral_context-canonical-train-a-d4-32-32-32-33-s6-context,neutral_context,4,False,True,True,True,True,False,19,"[23, 16, 17, 16]",16,"[23, 16, 17, 16]"
Prime Swift 4000,mutation-neutral_context-canonical-train-a-d4-32-32-32-33-s7-context,neutral_context,4,False,True,True,True,True,False,16,"[16, 17, 18, 17]",17,"[16, 17, 18, 17]"
Prime Swift 8000,holdout-base-canonical-train-a-d3-32-34-32-s0,base,3,True,True,True,True,True,False,16,"[17, 23, 16]",16,"[17, 23, 16]"
Prime Swift 8000,holdout-base-canonical-train-a-d3-32-34-32-s1,base,3,False,True,True,True,True,False,16,"[18, 22, 23]",23,"[18, 22, 23]"
Prime Swift 8000,holdout-base-canonical-train-a-d3-32-34-32-s2,base,3,True,True,True,True,True,False,22,"[19, 21, 22]",22,"[19, 21, 22]"
Prime Swift 8000,holdout-base-canonical-train-a-d3-32-34-32-s3,base,3,False,True,True,True,True,False,20,"[20, 20, 21]",21,"[20, 20, 21]"
Prime Swift 8000,holdout-base-canonical-train-a-d3-32-34-32-s4,base,3,True,True,True,True,True,False,20,"[21, 19, 20]",20,"[21, 19, 20]"
Prime Swift 8000,holdout-base-canonical-train-a-d3-32-34-32-s5,base,3,False,True,True,True,True,False,22,"[22, 18, 19]",19,"[22, 18, 19]"
Prime Swift 8000,holdout-base-canonical-train-a-d3-32-34-32-s6,base,3,False,True,True,True,True,False,16,"[23, 17, 18]",18,"[23, 17, 18]"
Prime Swift 8000,holdout-base-canonical-train-a-d3-32-34-32-s7,base,3,False,True,True,True,True,False,16,"[16, 16, 17]",17,"[16, 16, 17]"
Prime Swift 8000,holdout-base-canonical-train-a-d4-32-32-32-33-s0,base,4,False,True,True,True,True,False,23,"[17, 18, 19, 18]",18,"[17, 18, 19, 18]"
Prime Swift 8000,holdout-base-canonical-train-a-d4-32-32-32-33-s1,base,4,False,True,True,True,True,False,16,"[18, 19, 20, 19]",19,"[18, 19, 20, 19]"
Prime Swift 8000,holdout-base-canonical-train-a-d4-32-32-32-33-s2,base,4,False,True,True,True,True,False,23,"[19, 20, 21, 20]",20,"[19, 20, 21, 20]"
Prime Swift 8000,holdout-base-canonical-train-a-d4-32-32-32-33-s3,base,4,False,True,True,True,True,False,20,"[20, 21, 22, 21]",21,"[20, 21, 22, 21]"
Prime Swift 8000,holdout-base-canonical-train-a-d4-32-32-32-33-s4,base,4,False,True,True,True,True,False,20,"[21, 22, 23, 22]",22,"[21, 22, 23, 22]"
Prime Swift 8000,holdout-base-canonical-train-a-d4-32-32-32-33-s5,base,4,False,True,True,True,True,False,21,"[22, 23, 16, 23]",23,"[22, 23, 16, 23]"
Prime Swift 8000,holdout-base-canonical-train-a-d4-32-32-32-33-s6,base,4,False,True,True,True,True,False,22,"[23, 16, 17, 16]",16,"[23, 16, 17, 16]"
Prime Swift 8000,holdout-base-canonical-train-a-d4-32-32-32-33-s7,base,4,False,True,True,True,True,False,23,"[16, 17, 18, 17]",17,"[16, 17, 18, 17]"
Prime Swift 8000,mutation-alphabet_b-alphabet_b-train-a-d3-32-34-32-s0,alphabet_b,3,True,True,True,True,True,False,67,"[64, 69, 67]",67,"[64, 69, 67]"
Prime Swift 8000,mutation-alphabet_b-alphabet_b-train-a-d3-32-34-32-s1,alphabet_b,3,False,True,True,True,True,False,65,"[70, 66, 69]",69,"[70, 66, 69]"
Prime Swift 8000,mutation-alphabet_b-alphabet_b-train-a-d3-32-34-32-s2,alphabet_b,3,False,True,True,True,True,False,64,"[65, 68, 66]",66,"[65, 68, 66]"
Prime Swift 8000,mutation-alphabet_b-alphabet_b-train-a-d3-32-34-32-s3,alphabet_b,3,False,True,True,True,True,False,66,"[71, 71, 68]",68,"[71, 71, 68]"
Prime Swift 8000,mutation-alphabet_b-alphabet_b-train-a-d3-32-34-32-s4,alphabet_b,3,False,True,True,True,True,False,66,"[68, 65, 71]",71,"[68, 65, 71]"
Prime Swift 8000,mutation-alphabet_b-alphabet_b-train-a-d3-32-34-32-s5,alphabet_b,3,False,True,True,True,True,False,69,"[66, 70, 65]",65,"[66, 70, 65]"
Prime Swift 8000,mutation-alphabet_b-alphabet_b-train-a-d3-32-34-32-s6,alphabet_b,3,False,True,True,True,True,False,66,"[69, 64, 70]",70,"[69, 64, 70]"
Prime Swift 8000,mutation-alphabet_b-alphabet_b-train-a-d3-32-34-32-s7,alphabet_b,3,False,True,True,True,True,False,67,"[67, 67, 64]",64,"[67, 67, 64]"
Prime Swift 8000,mutation-alphabet_b-alphabet_b-train-a-d4-32-32-32-33-s0,alphabet_b,4,False,True,True,True,True,False,67,"[64, 70, 65, 70]",70,"[64, 70, 65, 70]"
Prime Swift 8000,mutation-alphabet_b-alphabet_b-train-a-d4-32-32-32-33-s1,alphabet_b,4,False,True,True,True,True,False,67,"[70, 65, 71, 65]",65,"[70, 65, 71, 65]"
Prime Swift 8000,mutation-alphabet_b-alphabet_b-train-a-d4-32-32-32-33-s2,alphabet_b,4,False,True,True,True,True,False,67,"[65, 71, 68, 71]",71,"[65, 71, 68, 71]"
Prime Swift 8000,mutation-alphabet_b-alphabet_b-train-a-d4-32-32-32-33-s3,alphabet_b,4,False,True,True,True,True,False,65,"[71, 68, 66, 68]",68,"[71, 68, 66, 68]"
Prime Swift 8000,mutation-alphabet_b-alphabet_b-train-a-d4-32-32-32-33-s4,alphabet_b,4,False,True,True,True,True,False,65,"[68, 66, 69, 66]",66,"[68, 66, 69, 66]"
Prime Swift 8000,mutation-alphabet_b-alphabet_b-train-a-d4-32-32-32-33-s5,alphabet_b,4,False,True,True,True,True,False,68,"[66, 69, 67, 69]",69,"[66, 69, 67, 69]"
Prime Swift 8000,mutation-alphabet_b-alphabet_b-train-a-d4-32-32-32-33-s6,alphabet_b,4,True,True,True,True,True,False,67,"[69, 67, 64, 67]",67,"[69, 67, 64, 67]"
Prime Swift 8000,mutation-alphabet_b-alphabet_b-train-a-d4-32-32-32-33-s7,alphabet_b,4,False,True,True,True,True,False,67,"[67, 64, 70, 64]",64,"[67, 64, 70, 64]"
Prime Swift 8000,mutation-heldout_codebook-canonical-holdout-d3-32-34-32-s0,heldout_codebook,3,False,True,False,True,True,True,23,"[23, 17, 16]",16,"[17, 23, 16]"
Prime Swift 8000,mutation-heldout_codebook-canonical-holdout-d3-32-34-32-s1,heldout_codebook,3,True,True,False,True,True,True,23,"[16, 16, 23]",23,"[18, 22, 23]"
Prime Swift 8000,mutation-heldout_codebook-canonical-holdout-d3-32-34-32-s2,heldout_codebook,3,False,False,False,True,True,False,23,"[17, 18, 17]",22,"[19, 21, 22]"
Prime Swift 8000,mutation-heldout_codebook-canonical-holdout-d3-32-34-32-s3,heldout_codebook,3,True,False,False,True,True,False,21,"[18, 17, 16]",21,"[20, 20, 21]"
Prime Swift 8000,mutation-heldout_codebook-canonical-holdout-d3-32-34-32-s4,heldout_codebook,3,True,True,False,True,True,True,20,"[19, 21, 20]",20,"[21, 19, 20]"
Prime Swift 8000,mutation-heldout_codebook-canonical-holdout-d3-32-34-32-s5,heldout_codebook,3,False,True,False,True,True,True,21,"[20, 20, 19]",19,"[22, 18, 19]"
Prime Swift 8000,mutation-heldout_codebook-canonical-holdout-d3-32-34-32-s6,heldout_codebook,3,False,True,False,True,True,True,23,"[21, 19, 18]",18,"[23, 17, 18]"
Prime Swift 8000,mutation-heldout_codebook-canonical-holdout-d3-32-34-32-s7,heldout_codebook,3,False,False,False,True,True,False,23,"[22, 23, 22]",17,"[16, 16, 17]"
Prime Swift 8000,mutation-heldout_codebook-canonical-holdout-d4-32-32-32-33-s0,heldout_codebook,4,False,False,False,True,True,False,23,"[23, 22, 21, 22]",18,"[17, 18, 19, 18]"
Prime Swift 8000,mutation-heldout_codebook-canonical-holdout-d4-32-32-32-33-s1,heldout_codebook,4,False,False,False,True,True,False,17,"[16, 23, 22, 23]",19,"[18, 19, 20, 19]"
Prime Swift 8000,mutation-heldout_codebook-canonical-holdout-d4-32-32-32-33-s2,heldout_codebook,4,False,False,False,True,True,False,23,"[17, 16, 23, 16]",20,"[19, 20, 21, 20]"
Prime Swift 8000,mutation-heldout_codebook-canonical-holdout-d4-32-32-32-33-s3,heldout_codebook,4,True,False,False,True,True,False,21,"[18, 17, 16, 17]",21,"[20, 21, 22, 21]"
Prime Swift 8000,mutation-heldout_codebook-canonical-holdout-d4-32-32-32-33-s4,heldout_codebook,4,False,False,False,True,True,False,21,"[19, 18, 17, 16]",22,"[21, 22, 23, 22]"
Prime Swift 8000,mutation-heldout_codebook-canonical-holdout-d4-32-32-32-33-s5,heldout_codebook,4,False,False,False,True,True,False,21,"[20, 19, 18, 19]",23,"[22, 23, 16, 23]"
Prime Swift 8000,mutation-heldout_codebook-canonical-holdout-d4-32-32-32-33-s6,heldout_codebook,4,False,False,False,True,True,False,22,"[21, 20, 19, 20]",16,"[23, 16, 17, 16]"
Prime Swift 8000,mutation-heldout_codebook-canonical-holdout-d4-32-32-32-33-s7,heldout_codebook,4,False,False,False,True,True,False,23,"[22, 21, 20, 21]",17,"[16, 17, 18, 17]"
Prime Swift 8000,mutation-joint_alphabet_b_codebook-alphabet_b-holdout-d3-32-34-32-s0,joint_alphabet_b_codebook,3,False,True,False,True,True,True,69,"[69, 64, 67]",67,"[64, 69, 67]"
Prime Swift 8000,mutation-joint_alphabet_b_codebook-alphabet_b-holdout-d3-32-34-32-s1,joint_alphabet_b_codebook,3,False,True,False,True,True,True,67,"[67, 67, 69]",69,"[70, 66, 69]"
Prime Swift 8000,mutation-joint_alphabet_b_codebook-alphabet_b-holdout-d3-32-34-32-s2,joint_alphabet_b_codebook,3,False,True,False,True,True,True,69,"[64, 69, 66]",66,"[65, 68, 66]"
Prime Swift 8000,mutation-joint_alphabet_b_codebook-alphabet_b-holdout-d3-32-34-32-s3,joint_alphabet_b_codebook,3,False,True,False,True,True,True,71,"[70, 66, 68]",68,"[71, 71, 68]"
Prime Swift 8000,mutation-joint_alphabet_b_codebook-alphabet_b-holdout-d3-32-34-32-s4,joint_alphabet_b_codebook,3,False,True,False,True,True,True,65,"[65, 68, 71]",71,"[68, 65, 71]"
Prime Swift 8000,mutation-joint_alphabet_b_codebook-alphabet_b-holdout-d3-32-34-32-s5,joint_alphabet_b_codebook,3,True,True,False,True,True,True,65,"[71, 71, 65]",65,"[66, 70, 65]"
Prime Swift 8000,mutation-joint_alphabet_b_codebook-alphabet_b-holdout-d3-32-34-32-s6,joint_alphabet_b_codebook,3,False,True,False,True,True,True,64,"[68, 65, 70]",70,"[69, 64, 70]"
Prime Swift 8000,mutation-joint_alphabet_b_codebook-alphabet_b-holdout-d3-32-34-32-s7,joint_alphabet_b_codebook,3,False,True,False,True,True,True,67,"[66, 70, 64]",64,"[67, 67, 64]"
Prime Swift 8000,mutation-joint_alphabet_b_codebook-alphabet_b-holdout-d4-32-32-32-33-s0,joint_alphabet_b_codebook,4,False,False,False,True,True,False,67,"[69, 66, 68, 66]",70,"[64, 70, 65, 70]"
Prime Swift 8000,mutation-joint_alphabet_b_codebook-alphabet_b-holdout-d4-32-32-32-33-s1,joint_alphabet_b_codebook,4,False,False,False,True,True,False,67,"[67, 69, 66, 69]",65,"[70, 65, 71, 65]"
Prime Swift 8000,mutation-joint_alphabet_b_codebook-alphabet_b-holdout-d4-32-32-32-33-s2,joint_alphabet_b_codebook,4,False,False,False,True,True,False,67,"[64, 67, 69, 64]",71,"[65, 71, 68, 71]"
Prime Swift 8000,mutation-joint_alphabet_b_codebook-alphabet_b-holdout-d4-32-32-32-33-s3,joint_alphabet_b_codebook,4,True,False,False,True,True,False,68,"[70, 64, 67, 70]",68,"[71, 68, 66, 68]"
Prime Swift 8000,mutation-joint_alphabet_b_codebook-alphabet_b-holdout-d4-32-32-32-33-s4,joint_alphabet_b_codebook,4,False,False,False,True,True,False,68,"[65, 70, 64, 70]",66,"[68, 66, 69, 66]"
Prime Swift 8000,mutation-joint_alphabet_b_codebook-alphabet_b-holdout-d4-32-32-32-33-s5,joint_alphabet_b_codebook,4,False,False,False,True,True,False,68,"[71, 65, 70, 66]",69,"[66, 69, 67, 69]"
Prime Swift 8000,mutation-joint_alphabet_b_codebook-alphabet_b-holdout-d4-32-32-32-33-s6,joint_alphabet_b_codebook,4,True,False,False,True,True,False,67,"[68, 71, 65, 71]",67,"[69, 67, 64, 67]"
Prime Swift 8000,mutation-joint_alphabet_b_codebook-alphabet_b-holdout-d4-32-32-32-33-s7,joint_alphabet_b_codebook,4,False,False,False,True,True,False,67,"[66, 68, 71, 68]",64,"[67, 64, 70, 64]"
Prime Swift 8000,mutation-neutral_context-canonical-train-a-d3-32-34-32-s0-context,neutral_context,3,True,True,True,True,True,False,16,"[17, 23, 16]",16,"[17, 23, 16]"
Prime Swift 8000,mutation-neutral_context-canonical-train-a-d3-32-34-32-s1-context,neutral_context,3,False,True,True,True,True,False,16,"[18, 22, 23]",23,"[18, 22, 23]"
Prime Swift 8000,mutation-neutral_context-canonical-train-a-d3-32-34-32-s2-context,neutral_context,3,True,True,True,True,True,False,22,"[19, 21, 22]",22,"[19, 21, 22]"
Prime Swift 8000,mutation-neutral_context-canonical-train-a-d3-32-34-32-s3-context,neutral_context,3,False,True,True,True,True,False,20,"[20, 20, 21]",21,"[20, 20, 21]"
Prime Swift 8000,mutation-neutral_context-canonical-train-a-d3-32-34-32-s4-context,neutral_context,3,True,True,True,True,True,False,20,"[21, 19, 20]",20,"[21, 19, 20]"
Prime Swift 8000,mutation-neutral_context-canonical-train-a-d3-32-34-32-s5-context,neutral_context,3,False,True,True,True,True,False,22,"[22, 18, 19]",19,"[22, 18, 19]"
Prime Swift 8000,mutation-neutral_context-canonical-train-a-d3-32-34-32-s6-context,neutral_context,3,False,True,True,True,True,False,16,"[23, 17, 18]",18,"[23, 17, 18]"
Prime Swift 8000,mutation-neutral_context-canonical-train-a-d3-32-34-32-s7-context,neutral_context,3,False,True,True,True,True,False,16,"[16, 16, 17]",17,"[16, 16, 17]"
Prime Swift 8000,mutation-neutral_context-canonical-train-a-d4-32-32-32-33-s0-context,neutral_context,4,False,True,True,True,True,False,23,"[17, 18, 19, 18]",18,"[17, 18, 19, 18]"
Prime Swift 8000,mutation-neutral_context-canonical-train-a-d4-32-32-32-33-s1-context,neutral_context,4,False,True,True,True,True,False,16,"[18, 19, 20, 19]",19,"[18, 19, 20, 19]"
Prime Swift 8000,mutation-neutral_context-canonical-train-a-d4-32-32-32-33-s2-context,neutral_context,4,False,True,True,True,True,False,23,"[19, 20, 21, 20]",20,"[19, 20, 21, 20]"
Prime Swift 8000,mutation-neutral_context-canonical-train-a-d4-32-32-32-33-s3-context,neutral_context,4,False,True,True,True,True,False,20,"[20, 21, 22, 21]",21,"[20, 21, 22, 21]"
Prime Swift 8000,mutation-neutral_context-canonical-train-a-d4-32-32-32-33-s4-context,neutral_context,4,False,True,True,True,True,False,20,"[21, 22, 23, 22]",22,"[21, 22, 23, 22]"
Prime Swift 8000,mutation-neutral_context-canonical-train-a-d4-32-32-32-33-s5-context,neutral_context,4,False,True,True,True,True,False,21,"[22, 23, 16, 23]",23,"[22, 23, 16, 23]"
Prime Swift 8000,mutation-neutral_context-canonical-train-a-d4-32-32-32-33-s6-context,neutral_context,4,False,True,True,True,True,False,22,"[23, 16, 17, 16]",16,"[23, 16, 17, 16]"
Prime Swift 8000,mutation-neutral_context-canonical-train-a-d4-32-32-32-33-s7-context,neutral_context,4,False,True,True,True,True,False,23,"[16, 17, 18, 17]",17,"[16, 17, 18, 17]"
Older Ergentics Llama 3.2 3B,holdout-base-canonical-train-a-d3-32-34-32-s0,base,3,False,False,False,False,False,False,,[20],16,"[17, 23, 16]"
Older Ergentics Llama 3.2 3B,holdout-base-canonical-train-a-d3-32-34-32-s1,base,3,False,False,False,False,True,False,20,[20],23,"[18, 22, 23]"
Older Ergentics Llama 3.2 3B,holdout-base-canonical-train-a-d3-32-34-32-s2,base,3,False,False,False,False,False,False,,[20],22,"[19, 21, 22]"
Older Ergentics Llama 3.2 3B,holdout-base-canonical-train-a-d3-32-34-32-s3,base,3,False,False,False,False,False,False,,[20],21,"[20, 20, 21]"
Older Ergentics Llama 3.2 3B,holdout-base-canonical-train-a-d3-32-34-32-s4,base,3,False,False,False,False,False,False,,[],20,"[21, 19, 20]"
Older Ergentics Llama 3.2 3B,holdout-base-canonical-train-a-d3-32-34-32-s5,base,3,False,False,False,False,False,False,,[],19,"[22, 18, 19]"
Older Ergentics Llama 3.2 3B,holdout-base-canonical-train-a-d3-32-34-32-s6,base,3,False,False,False,False,False,False,,[],18,"[23, 17, 18]"
Older Ergentics Llama 3.2 3B,holdout-base-canonical-train-a-d3-32-34-32-s7,base,3,False,False,False,False,False,False,,[],17,"[16, 16, 17]"
Older Ergentics Llama 3.2 3B,holdout-base-canonical-train-a-d4-32-32-32-33-s0,base,4,False,False,False,False,False,False,,[20],18,"[17, 18, 19, 18]"
Older Ergentics Llama 3.2 3B,holdout-base-canonical-train-a-d4-32-32-32-33-s1,base,4,False,False,False,False,True,False,20,[20],19,"[18, 19, 20, 19]"
Older Ergentics Llama 3.2 3B,holdout-base-canonical-train-a-d4-32-32-32-33-s2,base,4,False,False,False,False,False,False,,[20],20,"[19, 20, 21, 20]"
Older Ergentics Llama 3.2 3B,holdout-base-canonical-train-a-d4-32-32-32-33-s3,base,4,False,False,False,False,False,False,,[20],21,"[20, 21, 22, 21]"
Older Ergentics Llama 3.2 3B,holdout-base-canonical-train-a-d4-32-32-32-33-s4,base,4,False,False,False,False,False,False,,[],22,"[21, 22, 23, 22]"
Older Ergentics Llama 3.2 3B,holdout-base-canonical-train-a-d4-32-32-32-33-s5,base,4,False,False,False,False,False,False,,[],23,"[22, 23, 16, 23]"
Older Ergentics Llama 3.2 3B,holdout-base-canonical-train-a-d4-32-32-32-33-s6,base,4,False,False,False,False,False,False,,[],16,"[23, 16, 17, 16]"
Older Ergentics Llama 3.2 3B,holdout-base-canonical-train-a-d4-32-32-32-33-s7,base,4,False,False,False,False,False,False,,[],17,"[16, 17, 18, 17]"
Older Ergentics Llama 3.2 3B,mutation-alphabet_b-alphabet_b-train-a-d3-32-34-32-s0,alphabet_b,3,False,False,False,False,False,False,,[],67,"[64, 69, 67]"
Older Ergentics Llama 3.2 3B,mutation-alphabet_b-alphabet_b-train-a-d3-32-34-32-s1,alphabet_b,3,False,False,False,False,False,False,,[],69,"[70, 66, 69]"
Older Ergentics Llama 3.2 3B,mutation-alphabet_b-alphabet_b-train-a-d3-32-34-32-s2,alphabet_b,3,False,False,False,False,False,False,,[],66,"[65, 68, 66]"
Older Ergentics Llama 3.2 3B,mutation-alphabet_b-alphabet_b-train-a-d3-32-34-32-s3,alphabet_b,3,True,False,False,False,True,False,68,[],68,"[71, 71, 68]"
Older Ergentics Llama 3.2 3B,mutation-alphabet_b-alphabet_b-train-a-d3-32-34-32-s4,alphabet_b,3,False,False,False,False,True,False,69,[],71,"[68, 65, 71]"
Older Ergentics Llama 3.2 3B,mutation-alphabet_b-alphabet_b-train-a-d3-32-34-32-s5,alphabet_b,3,False,False,False,False,False,False,,[],65,"[66, 70, 65]"
Older Ergentics Llama 3.2 3B,mutation-alphabet_b-alphabet_b-train-a-d3-32-34-32-s6,alphabet_b,3,True,False,False,False,True,False,70,[],70,"[69, 64, 70]"
Older Ergentics Llama 3.2 3B,mutation-alphabet_b-alphabet_b-train-a-d3-32-34-32-s7,alphabet_b,3,False,False,False,False,True,False,68,[],64,"[67, 67, 64]"
Older Ergentics Llama 3.2 3B,mutation-alphabet_b-alphabet_b-train-a-d4-32-32-32-33-s0,alphabet_b,4,False,False,False,False,False,False,,[],70,"[64, 70, 65, 70]"
Older Ergentics Llama 3.2 3B,mutation-alphabet_b-alphabet_b-train-a-d4-32-32-32-33-s1,alphabet_b,4,False,False,False,False,True,False,68,[],65,"[70, 65, 71, 65]"
Older Ergentics Llama 3.2 3B,mutation-alphabet_b-alphabet_b-train-a-d4-32-32-32-33-s2,alphabet_b,4,False,False,False,False,False,False,,[],71,"[65, 71, 68, 71]"
Older Ergentics Llama 3.2 3B,mutation-alphabet_b-alphabet_b-train-a-d4-32-32-32-33-s3,alphabet_b,4,True,False,False,False,True,False,68,[],68,"[71, 68, 66, 68]"
Older Ergentics Llama 3.2 3B,mutation-alphabet_b-alphabet_b-train-a-d4-32-32-32-33-s4,alphabet_b,4,False,False,False,False,True,False,69,[],66,"[68, 66, 69, 66]"
Older Ergentics Llama 3.2 3B,mutation-alphabet_b-alphabet_b-train-a-d4-32-32-32-33-s5,alphabet_b,4,False,False,False,False,False,False,,[],69,"[66, 69, 67, 69]"
Older Ergentics Llama 3.2 3B,mutation-alphabet_b-alphabet_b-train-a-d4-32-32-32-33-s6,alphabet_b,4,False,False,False,False,True,False,70,[],67,"[69, 67, 64, 67]"
Older Ergentics Llama 3.2 3B,mutation-alphabet_b-alphabet_b-train-a-d4-32-32-32-33-s7,alphabet_b,4,False,False,False,False,True,False,68,[],64,"[67, 64, 70, 64]"
Older Ergentics Llama 3.2 3B,mutation-heldout_codebook-canonical-holdout-d3-32-34-32-s0,heldout_codebook,3,False,False,False,False,False,False,,[20],16,"[17, 23, 16]"
Older Ergentics Llama 3.2 3B,mutation-heldout_codebook-canonical-holdout-d3-32-34-32-s1,heldout_codebook,3,False,False,False,False,True,False,20,[20],23,"[18, 22, 23]"
Older Ergentics Llama 3.2 3B,mutation-heldout_codebook-canonical-holdout-d3-32-34-32-s2,heldout_codebook,3,False,False,False,False,False,False,,[20],22,"[19, 21, 22]"
Older Ergentics Llama 3.2 3B,mutation-heldout_codebook-canonical-holdout-d3-32-34-32-s3,heldout_codebook,3,False,False,False,False,True,False,20,[20],21,"[20, 20, 21]"
Older Ergentics Llama 3.2 3B,mutation-heldout_codebook-canonical-holdout-d3-32-34-32-s4,heldout_codebook,3,False,False,False,False,False,False,,[],20,"[21, 19, 20]"
Older Ergentics Llama 3.2 3B,mutation-heldout_codebook-canonical-holdout-d3-32-34-32-s5,heldout_codebook,3,False,False,False,False,False,False,,[],19,"[22, 18, 19]"
Older Ergentics Llama 3.2 3B,mutation-heldout_codebook-canonical-holdout-d3-32-34-32-s6,heldout_codebook,3,False,False,False,False,False,False,,[],18,"[23, 17, 18]"
Older Ergentics Llama 3.2 3B,mutation-heldout_codebook-canonical-holdout-d3-32-34-32-s7,heldout_codebook,3,False,False,False,False,False,False,,[],17,"[16, 16, 17]"
Older Ergentics Llama 3.2 3B,mutation-heldout_codebook-canonical-holdout-d4-32-32-32-33-s0,heldout_codebook,4,False,False,False,False,False,False,,[20],18,"[17, 18, 19, 18]"
Older Ergentics Llama 3.2 3B,mutation-heldout_codebook-canonical-holdout-d4-32-32-32-33-s1,heldout_codebook,4,False,False,False,False,True,False,20,[20],19,"[18, 19, 20, 19]"
Older Ergentics Llama 3.2 3B,mutation-heldout_codebook-canonical-holdout-d4-32-32-32-33-s2,heldout_codebook,4,False,False,False,False,False,False,,[20],20,"[19, 20, 21, 20]"
Older Ergentics Llama 3.2 3B,mutation-heldout_codebook-canonical-holdout-d4-32-32-32-33-s3,heldout_codebook,4,False,False,False,False,False,False,,[20],21,"[20, 21, 22, 21]"
Older Ergentics Llama 3.2 3B,mutation-heldout_codebook-canonical-holdout-d4-32-32-32-33-s4,heldout_codebook,4,False,False,False,False,False,False,,[],22,"[21, 22, 23, 22]"
Older Ergentics Llama 3.2 3B,mutation-heldout_codebook-canonical-holdout-d4-32-32-32-33-s5,heldout_codebook,4,False,False,False,False,False,False,,[],23,"[22, 23, 16, 23]"
Older Ergentics Llama 3.2 3B,mutation-heldout_codebook-canonical-holdout-d4-32-32-32-33-s6,heldout_codebook,4,False,False,False,False,False,False,,[],16,"[23, 16, 17, 16]"
Older Ergentics Llama 3.2 3B,mutation-heldout_codebook-canonical-holdout-d4-32-32-32-33-s7,heldout_codebook,4,False,False,False,False,False,False,,[],17,"[16, 17, 18, 17]"
Older Ergentics Llama 3.2 3B,mutation-joint_alphabet_b_codebook-alphabet_b-holdout-d3-32-34-32-s0,joint_alphabet_b_codebook,3,False,False,False,False,False,False,,[],67,"[64, 69, 67]"
Older Ergentics Llama 3.2 3B,mutation-joint_alphabet_b_codebook-alphabet_b-holdout-d3-32-34-32-s1,joint_alphabet_b_codebook,3,False,False,False,False,False,False,,[],69,"[70, 66, 69]"
Older Ergentics Llama 3.2 3B,mutation-joint_alphabet_b_codebook-alphabet_b-holdout-d3-32-34-32-s2,joint_alphabet_b_codebook,3,False,False,False,False,False,False,,[],66,"[65, 68, 66]"
Older Ergentics Llama 3.2 3B,mutation-joint_alphabet_b_codebook-alphabet_b-holdout-d3-32-34-32-s3,joint_alphabet_b_codebook,3,True,False,False,False,True,False,68,"[66, 69]",68,"[71, 71, 68]"
Older Ergentics Llama 3.2 3B,mutation-joint_alphabet_b_codebook-alphabet_b-holdout-d3-32-34-32-s4,joint_alphabet_b_codebook,3,False,False,False,False,True,False,69,[],71,"[68, 65, 71]"
Older Ergentics Llama 3.2 3B,mutation-joint_alphabet_b_codebook-alphabet_b-holdout-d3-32-34-32-s5,joint_alphabet_b_codebook,3,False,False,False,False,False,False,,[],65,"[66, 70, 65]"
Older Ergentics Llama 3.2 3B,mutation-joint_alphabet_b_codebook-alphabet_b-holdout-d3-32-34-32-s6,joint_alphabet_b_codebook,3,False,False,False,False,True,False,68,[],70,"[69, 64, 70]"
Older Ergentics Llama 3.2 3B,mutation-joint_alphabet_b_codebook-alphabet_b-holdout-d3-32-34-32-s7,joint_alphabet_b_codebook,3,False,False,False,False,True,False,68,[],64,"[67, 67, 64]"
Older Ergentics Llama 3.2 3B,mutation-joint_alphabet_b_codebook-alphabet_b-holdout-d4-32-32-32-33-s0,joint_alphabet_b_codebook,4,False,False,False,False,False,False,,[],70,"[64, 70, 65, 70]"
Older Ergentics Llama 3.2 3B,mutation-joint_alphabet_b_codebook-alphabet_b-holdout-d4-32-32-32-33-s1,joint_alphabet_b_codebook,4,False,False,False,False,True,False,68,[],65,"[70, 65, 71, 65]"
Older Ergentics Llama 3.2 3B,mutation-joint_alphabet_b_codebook-alphabet_b-holdout-d4-32-32-32-33-s2,joint_alphabet_b_codebook,4,False,False,False,False,False,False,,[],71,"[65, 71, 68, 71]"
Older Ergentics Llama 3.2 3B,mutation-joint_alphabet_b_codebook-alphabet_b-holdout-d4-32-32-32-33-s3,joint_alphabet_b_codebook,4,True,False,False,False,True,False,68,[66],68,"[71, 68, 66, 68]"
Older Ergentics Llama 3.2 3B,mutation-joint_alphabet_b_codebook-alphabet_b-holdout-d4-32-32-32-33-s4,joint_alphabet_b_codebook,4,False,False,False,False,False,False,,[],66,"[68, 66, 69, 66]"
Older Ergentics Llama 3.2 3B,mutation-joint_alphabet_b_codebook-alphabet_b-holdout-d4-32-32-32-33-s5,joint_alphabet_b_codebook,4,False,False,False,False,False,False,,[],69,"[66, 69, 67, 69]"
Older Ergentics Llama 3.2 3B,mutation-joint_alphabet_b_codebook-alphabet_b-holdout-d4-32-32-32-33-s6,joint_alphabet_b_codebook,4,False,False,False,False,False,False,,[],67,"[69, 67, 64, 67]"
Older Ergentics Llama 3.2 3B,mutation-joint_alphabet_b_codebook-alphabet_b-holdout-d4-32-32-32-33-s7,joint_alphabet_b_codebook,4,False,False,False,False,False,False,,[],64,"[67, 64, 70, 64]"
Older Ergentics Llama 3.2 3B,mutation-neutral_context-canonical-train-a-d3-32-34-32-s0-context,neutral_context,3,False,False,False,False,False,False,,[20],16,"[17, 23, 16]"
Older Ergentics Llama 3.2 3B,mutation-neutral_context-canonical-train-a-d3-32-34-32-s1-context,neutral_context,3,False,False,False,False,True,False,20,[20],23,"[18, 22, 23]"
Older Ergentics Llama 3.2 3B,mutation-neutral_context-canonical-train-a-d3-32-34-32-s2-context,neutral_context,3,False,False,False,False,False,False,,[20],22,"[19, 21, 22]"
Older Ergentics Llama 3.2 3B,mutation-neutral_context-canonical-train-a-d3-32-34-32-s3-context,neutral_context,3,False,False,False,False,False,False,,[20],21,"[20, 20, 21]"
Older Ergentics Llama 3.2 3B,mutation-neutral_context-canonical-train-a-d3-32-34-32-s4-context,neutral_context,3,False,False,False,False,False,False,,[],20,"[21, 19, 20]"
Older Ergentics Llama 3.2 3B,mutation-neutral_context-canonical-train-a-d3-32-34-32-s5-context,neutral_context,3,False,False,False,False,False,False,,[20],19,"[22, 18, 19]"
Older Ergentics Llama 3.2 3B,mutation-neutral_context-canonical-train-a-d3-32-34-32-s6-context,neutral_context,3,False,False,False,False,False,False,,[],18,"[23, 17, 18]"
Older Ergentics Llama 3.2 3B,mutation-neutral_context-canonical-train-a-d3-32-34-32-s7-context,neutral_context,3,False,False,False,False,False,False,,[],17,"[16, 16, 17]"
Older Ergentics Llama 3.2 3B,mutation-neutral_context-canonical-train-a-d4-32-32-32-33-s0-context,neutral_context,4,False,False,False,False,False,False,,[20],18,"[17, 18, 19, 18]"
Older Ergentics Llama 3.2 3B,mutation-neutral_context-canonical-train-a-d4-32-32-32-33-s1-context,neutral_context,4,False,False,False,False,True,False,20,[20],19,"[18, 19, 20, 19]"
Older Ergentics Llama 3.2 3B,mutation-neutral_context-canonical-train-a-d4-32-32-32-33-s2-context,neutral_context,4,False,False,False,False,False,False,,[20],20,"[19, 20, 21, 20]"
Older Ergentics Llama 3.2 3B,mutation-neutral_context-canonical-train-a-d4-32-32-32-33-s3-context,neutral_context,4,False,False,False,False,False,False,,[20],21,"[20, 21, 22, 21]"
Older Ergentics Llama 3.2 3B,mutation-neutral_context-canonical-train-a-d4-32-32-32-33-s4-context,neutral_context,4,False,False,False,False,False,False,,[],22,"[21, 22, 23, 22]"
Older Ergentics Llama 3.2 3B,mutation-neutral_context-canonical-train-a-d4-32-32-32-33-s5-context,neutral_context,4,False,False,False,False,False,False,,[20],23,"[22, 23, 16, 23]"
Older Ergentics Llama 3.2 3B,mutation-neutral_context-canonical-train-a-d4-32-32-32-33-s6-context,neutral_context,4,False,False,False,False,False,False,,[],16,"[23, 16, 17, 16]"
Older Ergentics Llama 3.2 3B,mutation-neutral_context-canonical-train-a-d4-32-32-32-33-s7-context,neutral_context,4,False,False,False,False,False,False,,[],17,"[16, 17, 18, 17]"
